epoch,train_loss,val_weighted_bce
1,0.9100200209766627,0.7643387317657471
2,0.808352305367589,0.7555649280548096
3,0.7728816132992506,0.7132450342178345
4,0.7461229176074267,0.7159105539321899
5,0.7353789150714874,0.6910750269889832
6,0.7251354059576989,0.6591435074806213
7,0.719532155841589,0.6667559742927551
8,0.7131654492765666,0.7161158919334412
9,0.7042137187719345,0.6689209342002869
10,0.7024663618952036,0.6469569802284241
11,0.697761847898364,0.6542813777923584
12,0.6902833305299282,0.6645386219024658
13,0.6932260969281197,0.6856459379196167
14,0.688495524674654,0.6782153844833374
15,0.6879545103758573,0.6890034079551697
16,0.6834685211628675,0.6395389437675476
17,0.6810354422032833,0.6455034613609314
18,0.6825459647923708,0.6567381620407104
19,0.6778765712678433,0.6421257853507996
20,0.6753258708119393,0.6698502898216248
21,0.6746997905522585,0.6458030343055725
22,0.670128706395626,0.6709657907485962
23,0.6698850940912962,0.6770761013031006
24,0.6655264523625374,0.6840626001358032
25,0.6613766572624445,0.6778517365455627
26,0.663797806352377,0.6487711071968079
