epoch,train_loss,val_pinball_mgdl
1,0.1416894035227597,8.09037711482614
2,0.1265998252853751,7.868733176258251
3,0.1229522998072207,7.678202630546537
4,0.12102649450302123,7.588210913701562
5,0.12004245078191161,7.563897501699737
6,0.11920698042958974,7.521113309477749
7,0.11866923986002803,7.530368587859407
8,0.11781659655272961,7.506651824004866
9,0.11744048250839115,7.449982906185704
10,0.11699977016076446,7.441065276414668
11,0.11661422176286579,7.430152943405781
12,0.11630486665293574,7.466167891193128
13,0.11580202467739582,7.4027699574886485
14,0.11531445050612092,7.434430277813166
15,0.1150065496750176,7.4147756934280515
16,0.11472182046622038,7.4121517975985185
17,0.11424626680091024,7.393684633427733
18,0.11383367074653507,7.456716442132742
19,0.11350361566990613,7.392058315220211
20,0.11310189634561539,7.47820255552755
21,0.11292509006336332,7.4407212997176355
22,0.11260452970862389,7.416280421975255
23,0.11239693582057952,7.439539303577372
24,0.11200672939419747,7.465290095206744
25,0.11150241684168577,7.561349542907131
26,0.11131540607661009,7.4857953552079115
27,0.11083039103075862,7.485181982832256
28,0.11062428370118141,7.483777147649106
29,0.11039604580029845,7.471803052141756
